{"cameraMode":{"drawMode":0,"name":"Shaded","section":"Shading Mode"},"sceneLighting":true,"audioPlay":false,"sceneViewState":{"showFog":true,"showMaterialUpdate":true,"showSkybox":true,"showFlares":true,"showImageEffects":true,"showParticleSystems":true},"in2DMode":false,"pivot":{"x":17.04461669921875,"y":-1.2198758125305176,"z":0.9799611568450928},"rotation":{"x":0.07114987075328827,"y":0.50283282995224,"z":0.04157768934965134,"w":-0.8604465126991272},"size":1.6786479949951172,"orthographic":false}